{"cameraMode":{"drawMode":0,"name":"Shaded","section":"Shading Mode"},"sceneLighting":false,"audioPlay":false,"sceneViewState":{"m_AlwaysRefresh":false,"showFog":true,"showSkybox":false,"showFlares":true,"showImageEffects":true,"showParticleSystems":true,"showVisualEffectGraphs":true,"m_FxEnabled":true},"in2DMode":false,"pivot":{"x":-0.06999997794628144,"y":3.2699999809265138,"z":-13.329999923706055},"rotation":{"x":0.31668511033058169,"y":0.3100835978984833,"z":-0.1103866696357727,"w":0.8895935416221619},"size":0.5303138494491577,"orthographic":false}