{"cameraMode":{"drawMode":0,"name":"Shaded","section":"Shading Mode"},"sceneLighting":true,"audioPlay":false,"sceneViewState":{"m_AlwaysRefresh":false,"showFog":true,"showSkybox":true,"showFlares":true,"showImageEffects":true,"showParticleSystems":true,"showVisualEffectGraphs":true,"m_FxEnabled":true},"in2DMode":false,"pivot":{"x":-3.7566757202148439,"y":2.9677629470825197,"z":-6.7285356521606449},"rotation":{"x":0.2652709186077118,"y":0.010123600251972676,"z":-0.0027854451909661295,"w":0.9641167521476746},"size":6.695570468902588,"orthographic":true}